-- phpMyAdmin SQL Dump
-- version 4.4.11
-- http://www.phpmyadmin.net
--
-- Host: localhost:8080
-- Generation Time: Sep 03, 2015 at 10:24 PM
-- Server version: 5.6.26
-- PHP Version: 5.6.11

SET SQL_MODE = "NO_AUTO_VALUE_ON_ZERO";
SET time_zone = "+00:00";


/*!40101 SET @OLD_CHARACTER_SET_CLIENT=@@CHARACTER_SET_CLIENT */;
/*!40101 SET @OLD_CHARACTER_SET_RESULTS=@@CHARACTER_SET_RESULTS */;
/*!40101 SET @OLD_COLLATION_CONNECTION=@@COLLATION_CONNECTION */;
/*!40101 SET NAMES utf8mb4 */;

--
-- Database: `growler`
--
CREATE DATABASE IF NOT EXISTS `growler` DEFAULT CHARACTER SET utf8 COLLATE utf8_general_ci;
USE `growler`;

-- --------------------------------------------------------

--
-- Table structure for table `beers`
--

CREATE TABLE IF NOT EXISTS `beers` (
  `id` bigint(20) unsigned NOT NULL,
  `beer_name` varchar(255) DEFAULT NULL,
  `style` varchar(255) DEFAULT NULL,
  `abv` decimal(4,2) DEFAULT NULL,
  `ibu` int(11) DEFAULT NULL,
  `container` varchar(255) DEFAULT NULL,
  `brewery` varchar(255) DEFAULT NULL,
  `image` varchar(255) DEFAULT NULL
) ENGINE=InnoDB AUTO_INCREMENT=79 DEFAULT CHARSET=utf8;

--
-- Dumping data for table `beers`
--

INSERT INTO `beers` (`id`, `beer_name`, `style`, `abv`, `ibu`, `container`, `brewery`, `image`) VALUES
(1, 'Fat Tire', 'Amber', '5.20', 22, 'Bottle', 'New Belgian', 'growler_images/fat-tire.jpg'),
(2, '5 Barrel', 'Pale Ale', '5.20', 36, 'Bottle', 'Odell Brewing', 'growler_images/5-barrel.jpg'),
(3, '90 Minute Imperial', 'IPA', '6.00', 60, 'Bottle', 'Dogfish Head', 'growler_images/90-minute-ipa.jpg'),
(4, 'BBC', 'Amber', '7.40', 40, 'Bottle', 'Bluegrasss ', 'growler_images/amber-ale_bbc.jpg'),
(5, 'Abby Ale', 'Beligian', '7.40', 25, 'Bottle', 'Abita', 'growler_images/abbey-ale_0.jpg'),
(6, 'All Day IPA', 'IPA', '5.50', 10, 'Bottle', 'Founders', 'growler_images/all-day-ipa-sessions-ale.jpg'),
(7, 'Affligem', 'Blond Ale', '4.50', 20, 'Bottle', 'Brouwerji De Smedt/Brouwerji Affligem', 'growler_images/affligem-blonde.jpg'),
(8, 'Brekle''s Brown', 'Brown Ale', '6.20', 40, 'Bottle', 'Anchor Brewing Co.', 'growler_images/brecklebrown.jpg'),
(9, 'Brooklyn Pilsner', 'Pilsner Ale', '5.00', 30, 'Bottle', 'Brooklyn Brewery', 'growler_images/brooklyn-pilsner_0.jpg'),
(10, 'Alt-Eration', 'Lager', '5.50', 10, 'Can', 'Hops and Grain', 'growler_images/alt-eration.jpg'),
(11, 'Vienna Lager', 'Lager', '6.20', 30, 'Bottle', 'Devils Backbone Brewing Co.', 'growler_images/vienna-larger.jpg'),
(12, 'BBC', 'Amber', '6.00', 40, 'bottle', 'BBC', 'growler_images/amber-ale_bbc.jpg'),
(13, 'Baba', 'Lager', '4.50', 15, 'Can', 'Unita Brewing', 'growler_images/baba-black-lager.jpg'),
(14, 'Magic Hat', 'Pale Ale', '5.10', 35, 'Bottle', 'Magic Hat', 'growler_images/magichat9.jpg'),
(15, 'Baby Daddy', 'Lager', '4.70', 10, 'Can', 'Speakeasy Ales & Lagers', 'growler_images/baby-daddy.jpg'),
(16, 'Dragon''s Milk', 'Stout', '11.00', 31, 'Bottle', 'New Holland', 'growler_images/dragons-milk.jpg'),
(17, 'Balt Altbier', 'Lager', '5.00', 10, 'Can', 'Union Craft Brewing', 'growler_images/balt-altbier.jpg'),
(18, 'Bender', 'Brown Ale', '5.10', 35, 'Can', 'Surly Brewing Co.', 'growler_images/bender_0.jpg'),
(19, 'Blue Paddle', 'Pilsner Ale', '5.10', 30, 'Can', 'New Belgium', 'growler_images/bluepaddle2.jpg'),
(20, 'Anti-Hero', 'IPA', '6.70', 55, 'Can', 'Revolution Brewing', 'growler_images/anti-hero.jpg'),
(21, 'Cali Beligique', 'IPA', '6.50', 60, 'Bottle', 'Stone', 'growler_images/cali-belgique-ipa.jpg'),
(22, 'Castaway Chocolate Orange', 'IPA', '7.00', 60, 'Bottle', 'Thomas Creek', 'growler_images/castaway-chocolate-orange-ipa.jpg'),
(23, 'Censored', 'Amber', '5.80', 40, 'Can', 'Lagunitas', 'growler_images/censored.jpg'),
(24, 'Cutthroat', 'Porter', '9.00', 40, 'Bottle', 'Odell Brewing', 'growler_images/cutthroat-porter_0.jpg'),
(25, 'Dragonstooth', 'Stout', '8.20', 50, 'Bottle', 'Elysian', 'growler_images/dragonstooth.jpg'),
(26, 'Annabel Lee', 'IPA', '7.50', 50, 'Bottle', 'Mystery Brewing', 'growler_images/annabel-lee.jpg'),
(27, 'Dale''s Pale Ale', 'Pale Ale', '6.50', 40, 'Can', 'Oskar Blues Brewing', 'growler_images/dales-pale-ale_0.jpg'),
(28, 'Boont Barl', 'Amber Ale', '5.50', 25, 'Bottle', 'Anderson Valley', 'growler_images/boont-barl.jpg'),
(29, 'Calico', 'Amber Ale', '5.30', 27, 'Bottle', 'Ballast Point', 'growler_images/calico.jpg'),
(30, 'DBA', 'Amber Ale', '5.50', 40, 'Bottle', 'Firestone', 'growler_images/dba.jpg'),
(31, 'Blue Paddle', 'Pilsner Ale', '5.20', 29, 'Can', 'New Belgium ', 'growler_images/bluepaddle2.jpg'),
(32, 'East IPA', 'IPA', '6.00', 60, 'Bottle', 'Brooklyn Brewing', 'growler_images/east-ipa.jpg'),
(33, 'Blood Orange Gose', 'Pale Ale', '5.00', 33, 'Can', 'Anderson Valley', 'growler_images/blood-orange-gose.jpg'),
(34, 'Session Casual', 'IPA', '4.50', 35, 'Can', 'Red Brick Brewing Co', 'growler_images/session-ipa.jpg'),
(35, 'Old Tom', 'Brown Ale', '8.50', 40, 'Bottle', 'Robinsons Family Brewers', 'grower_images/chocolate-tom.jpg'),
(36, 'Fancy Lawnmower', 'Pale Ale', '5.60', 35, 'Bottle', 'Saint Arnold', 'growler_images/session-ipa.jpg'),
(37, 'Dirt Wolf', 'IPA', '8.70', 55, 'Bottle', 'Victory', 'growler_images/dirtwolf.jpg'),
(38, 'Duvel', 'Amber Ale', '8.50', 53, 'Bottle', 'Brouwerji Duvel Moortgat NV', 'growler_images/duvel.jpg'),
(39, 'Curieux', 'Brown Ale', '8.60', 38, 'Bottle', 'Allagash Brewing Co', 'growler_images/allagash-curieux.jpg'),
(40, 'Fat Tire', 'Amber', '5.20', 22, 'Growler', 'New Belgian', 'growler_images/growler-beer.jpg'),
(41, '5 Barrel', 'Pale Ale', '5.20', 36, 'Growler', 'Odell Brewing', 'growler_images/growler-beer.jpg'),
(42, '90 Minute Imperial', 'IPA', '6.00', 60, 'Growler', 'Dogfish Head', 'growler_images/growler-beer.jpg'),
(43, 'BBC', 'Amber', '7.40', 40, 'Growler', 'Bluegrasss ', 'growler_images/growler-beer.jpg'),
(44, 'Abby Ale', 'Beligian', '7.40', 25, 'Growler', 'Abita', 'growler_images/growler-beer.jpg'),
(45, 'All Day IPA', 'IPA', '5.50', 10, 'Growler', 'Founders', 'growler_images/growler-beer.jpg'),
(46, 'Affligem', 'Blond Ale', '4.50', 20, 'Growler', 'Brouwerji De Smedt/Brouwerji Affligem', 'growler_images/growler-beer.jpg'),
(47, 'Brekle''s Brown', 'Brown Ale', '6.20', 40, 'Growler', 'Anchor Brewing Co.', 'growler_images/growler-beer.jpg'),
(48, 'Brooklyn Pilsner', 'Pilsner Ale', '5.00', 30, 'Growler', 'Brooklyn Brewery', 'growler_images/growler-beer.jpg'),
(49, 'Alt-Eration', 'Lager', '5.50', 10, 'Growler', 'Hops and Grain', 'growler_images/growler-beer.jpg'),
(50, 'Vienna Lager', 'Lager', '6.20', 30, 'Growler', 'Devils Backbone Brewing Co.', 'growler_images/growler-beer.jpg'),
(51, 'BBC', 'Amber', '6.00', 40, 'Growler', 'BBC', 'growler_images/growler-beer.jpg'),
(52, 'Baba', 'Lager', '4.50', 15, 'Growler', 'Unita Brewing', 'growler_images/growler-beer.jpg'),
(53, 'Magic Hat', 'Pale Ale', '5.10', 35, 'Growler', 'Magic Hat', 'growler_images/growler-beer.jpg'),
(54, 'Baby Daddy', 'Lager', '4.70', 10, 'Growler', 'Speakeasy Ales & Lagers', 'growler_images/growler-beer.jpg'),
(55, 'Dragon''s Milk', 'Stout', '11.00', 31, 'Growler', 'New Holland', 'growler_images/growler-beer.jpg'),
(56, 'Balt Altbier', 'Lager', '5.00', 10, 'Growler', 'Union Craft Brewing', 'growler_images/growler-beer.jpg'),
(57, 'Bender', 'Brown Ale', '5.10', 35, 'Growler', 'Surly Brewing Co.', 'growler_images/growler-beer.jpg'),
(58, 'Blue Paddle', 'Pilsner Ale', '5.10', 30, 'Growler', 'New Belgium', 'growler_images/growler-beer.jpg'),
(59, 'Anti-Hero', 'IPA', '6.70', 55, 'Growler', 'Revolution Brewing', 'growler_images/growler-beer.jpg'),
(60, 'Cali Beligique', 'IPA', '6.50', 60, 'Growler', 'Stone', 'growler_images/growler-beer.jpg'),
(61, 'Castaway Chocolate Orange', 'IPA', '7.00', 60, 'Growler', 'Thomas Creek', 'growler_images/growler-beer.jpg'),
(62, 'Censored', 'Amber', '5.80', 40, 'Growler', 'Lagunitas', 'growler_images/growler-beer.jpg'),
(63, 'Cutthroat', 'Porter', '9.00', 40, 'Growler', 'Odell Brewing', 'growler_images/growler-beer.jpg'),
(64, 'Dragonstooth', 'Stout', '8.20', 50, 'Growler', 'Elysian', 'growler_images/growler-beer.jpg'),
(65, 'Annabel Lee', 'IPA', '7.50', 50, 'Growler', 'Mystery Brewing', 'growler_images/growler-beer.jpg'),
(66, 'Dale''s Pale Ale', 'Pale Ale', '6.50', 40, 'Growler', 'Oskar Blues Brewing', 'growler_images/growler-beer.jpg'),
(67, 'Boont Barl', 'Amber Ale', '5.50', 25, 'Growler', 'Anderson Valley', 'growler_images/growler-beer.jpg'),
(68, 'Calico', 'Amber Ale', '5.30', 27, 'Growler', 'Ballast Point', 'growler_images/growler-beer.jpg'),
(69, 'DBA', 'Amber Ale', '5.50', 40, 'Growler', 'Firestone', 'growler_images/growler-beer.jpg'),
(70, 'Blue Paddle', 'Pilsner Ale', '5.20', 29, 'Growler', 'New Belgium ', 'growler_images/growler-beer.jpg'),
(71, 'East IPA', 'IPA', '6.00', 60, 'Growler', 'Brooklyn Brewing', 'growler_images/growler-beer.jpg'),
(72, 'Blood Orange Gose', 'Pale Ale', '5.00', 33, 'Growler', 'Anderson Valley', 'growler_images/growler-beer.jpg'),
(73, 'Session Casual', 'IPA', '4.50', 35, 'Growler', 'Red Brick Brewing Co', 'growler_images/growler-beer.jpg'),
(74, 'Old Tom', 'Brown Ale', '8.50', 40, 'Growler', 'Robinsons Family Brewers', 'growler_images/growler-beer.jpg'),
(75, 'Fancy Lawnmower', 'Pale Ale', '5.60', 35, 'Growler', 'Saint Arnold', 'growler_images/growler-beer.jpg'),
(76, 'Dirt Wolf', 'IPA', '8.70', 55, 'Growler', 'Victory', 'growler_images/growler-beer.jpg'),
(77, 'Duvel', 'Amber Ale', '8.50', 53, 'Growler', 'Brouwerji Duvel Moortgat NV', 'growler_images/growler-beer.jpg'),
(78, 'Curieux', 'Brown Ale', '8.60', 38, 'Growler', 'Allagash Brewing Co', 'growler_images/growler-beer.jpg');

-- --------------------------------------------------------

--
-- Table structure for table `beers_stores`
--

CREATE TABLE IF NOT EXISTS `beers_stores` (
  `id` bigint(20) unsigned NOT NULL,
  `beer_id` int(11) DEFAULT NULL,
  `store_id` int(11) DEFAULT NULL
) ENGINE=InnoDB AUTO_INCREMENT=777 DEFAULT CHARSET=utf8;

--
-- Dumping data for table `beers_stores`
--

INSERT INTO `beers_stores` (`id`, `beer_id`, `store_id`) VALUES
(1, 69, 1),
(2, 30, 1),
(3, 11, 1),
(4, 35, 1),
(5, 46, 1),
(6, 39, 1),
(7, 25, 1),
(8, 14, 1),
(9, 1, 1),
(10, 6, 1),
(11, 70, 1),
(12, 66, 1),
(13, 5, 1),
(14, 77, 1),
(15, 78, 1),
(16, 63, 1),
(17, 16, 1),
(18, 34, 1),
(19, 16, 1),
(20, 73, 2),
(21, 33, 2),
(22, 63, 2),
(23, 28, 2),
(24, 77, 2),
(25, 57, 2),
(26, 71, 2),
(27, 6, 2),
(28, 10, 2),
(29, 8, 2),
(30, 4, 2),
(31, 36, 2),
(32, 32, 2),
(33, 52, 2),
(34, 37, 2),
(35, 58, 2),
(36, 78, 2),
(37, 8, 2),
(38, 72, 2),
(39, 38, 2),
(40, 52, 3),
(41, 44, 3),
(42, 11, 3),
(43, 35, 3),
(44, 15, 3),
(45, 37, 3),
(46, 16, 3),
(47, 12, 3),
(48, 75, 3),
(49, 48, 3),
(50, 59, 3),
(51, 53, 3),
(52, 24, 3),
(53, 64, 3),
(54, 25, 3),
(55, 23, 3),
(56, 26, 3),
(57, 21, 3),
(58, 26, 3),
(59, 51, 3),
(60, 76, 4),
(61, 61, 4),
(62, 45, 4),
(63, 65, 4),
(64, 22, 4),
(65, 71, 4),
(66, 62, 4),
(67, 21, 4),
(68, 45, 4),
(69, 67, 4),
(70, 48, 4),
(71, 74, 4),
(72, 22, 4),
(73, 70, 4),
(74, 68, 4),
(75, 57, 4),
(76, 42, 4),
(77, 11, 4),
(78, 6, 4),
(79, 18, 4),
(80, 1, 4),
(81, 75, 4),
(82, 50, 5),
(83, 24, 5),
(84, 71, 5),
(85, 52, 5),
(86, 69, 5),
(87, 14, 5),
(88, 63, 5),
(89, 33, 5),
(90, 71, 5),
(91, 21, 5),
(92, 9, 5),
(93, 58, 5),
(94, 61, 5),
(95, 6, 5),
(96, 30, 5),
(97, 2, 5),
(98, 46, 5),
(99, 46, 5),
(100, 57, 5),
(101, 25, 5),
(102, 66, 5),
(103, 26, 5),
(104, 62, 5),
(105, 24, 5),
(106, 42, 5),
(107, 9, 6),
(108, 57, 6),
(109, 6, 6),
(110, 27, 6),
(111, 58, 6),
(112, 27, 6),
(113, 52, 6),
(114, 48, 6),
(115, 38, 6),
(116, 56, 6),
(117, 10, 7),
(118, 4, 7),
(119, 12, 7),
(120, 65, 7),
(121, 50, 7),
(122, 76, 7),
(123, 39, 7),
(124, 75, 7),
(125, 23, 7),
(126, 62, 7),
(127, 61, 7),
(128, 27, 7),
(129, 8, 7),
(130, 60, 7),
(131, 20, 7),
(132, 10, 7),
(133, 34, 7),
(134, 75, 7),
(135, 61, 7),
(136, 33, 8),
(137, 20, 8),
(138, 70, 8),
(139, 76, 8),
(140, 29, 8),
(141, 20, 8),
(142, 23, 8),
(143, 6, 8),
(144, 37, 8),
(145, 63, 8),
(146, 20, 8),
(147, 25, 8),
(148, 71, 8),
(149, 43, 8),
(150, 5, 9),
(151, 41, 9),
(152, 46, 9),
(153, 39, 9),
(154, 64, 9),
(155, 60, 9),
(156, 11, 9),
(157, 66, 9),
(158, 33, 9),
(159, 66, 9),
(160, 22, 9),
(161, 1, 9),
(162, 40, 9),
(163, 17, 9),
(164, 28, 9),
(165, 76, 9),
(166, 62, 9),
(167, 68, 10),
(168, 49, 10),
(169, 74, 10),
(170, 43, 10),
(171, 75, 10),
(172, 15, 10),
(173, 65, 10),
(174, 23, 10),
(175, 17, 10),
(176, 77, 10),
(177, 25, 10),
(178, 70, 10),
(179, 54, 10),
(180, 41, 10),
(181, 45, 10),
(182, 53, 10),
(183, 15, 10),
(184, 21, 10),
(185, 58, 10),
(186, 59, 10),
(187, 8, 10),
(188, 45, 10),
(189, 73, 10),
(190, 22, 10),
(191, 59, 10),
(192, 26, 10),
(193, 25, 10),
(194, 41, 10),
(195, 70, 11),
(196, 21, 11),
(197, 58, 11),
(198, 47, 11),
(199, 50, 11),
(200, 66, 11),
(201, 69, 11),
(202, 2, 11),
(203, 75, 11),
(204, 41, 11),
(205, 70, 11),
(206, 56, 11),
(207, 64, 11),
(208, 15, 11),
(209, 78, 11),
(210, 44, 11),
(211, 26, 11),
(212, 39, 11),
(213, 11, 11),
(214, 47, 12),
(215, 36, 12),
(216, 71, 12),
(217, 34, 12),
(218, 66, 12),
(219, 16, 12),
(220, 40, 12),
(221, 71, 12),
(222, 47, 12),
(223, 57, 12),
(224, 47, 12),
(225, 54, 12),
(226, 3, 12),
(227, 34, 12),
(228, 41, 12),
(229, 32, 12),
(230, 60, 12),
(231, 50, 12),
(232, 17, 12),
(233, 11, 12),
(234, 66, 13),
(235, 40, 13),
(236, 51, 13),
(237, 76, 13),
(238, 75, 13),
(239, 66, 13),
(240, 27, 13),
(241, 47, 13),
(242, 69, 13),
(243, 34, 13),
(244, 2, 13),
(245, 25, 13),
(246, 4, 13),
(247, 27, 13),
(248, 73, 13),
(249, 70, 13),
(250, 51, 13),
(251, 56, 13),
(252, 11, 13),
(253, 11, 13),
(254, 61, 14),
(255, 33, 14),
(256, 40, 14),
(257, 6, 14),
(258, 70, 14),
(259, 63, 14),
(260, 31, 14),
(261, 33, 14),
(262, 65, 14),
(263, 51, 14),
(264, 44, 14),
(265, 41, 14),
(266, 45, 14),
(267, 59, 14),
(268, 73, 14),
(269, 8, 14),
(270, 37, 14),
(271, 40, 14),
(272, 62, 14),
(273, 48, 14),
(274, 13, 14),
(275, 64, 14),
(276, 27, 15),
(277, 61, 15),
(278, 38, 15),
(279, 56, 15),
(280, 22, 15),
(281, 51, 15),
(282, 14, 15),
(283, 29, 15),
(284, 56, 15),
(285, 32, 15),
(286, 32, 15),
(287, 43, 15),
(288, 1, 15),
(289, 33, 15),
(290, 67, 15),
(291, 16, 15),
(292, 10, 15),
(293, 12, 15),
(294, 35, 15),
(295, 51, 15),
(296, 10, 15),
(297, 13, 15),
(298, 44, 15),
(299, 29, 15),
(300, 51, 15),
(301, 66, 16),
(302, 16, 16),
(303, 13, 16),
(304, 59, 16),
(305, 24, 16),
(306, 39, 16),
(307, 58, 16),
(308, 31, 16),
(309, 74, 16),
(310, 35, 16),
(311, 3, 17),
(312, 51, 17),
(313, 77, 17),
(314, 26, 17),
(315, 20, 17),
(316, 10, 17),
(317, 50, 17),
(318, 31, 17),
(319, 2, 17),
(320, 48, 17),
(321, 8, 17),
(322, 23, 17),
(323, 32, 17),
(324, 38, 17),
(325, 44, 17),
(326, 18, 17),
(327, 47, 17),
(328, 40, 17),
(329, 64, 17),
(330, 55, 18),
(331, 35, 18),
(332, 3, 18),
(333, 33, 18),
(334, 72, 18),
(335, 71, 18),
(336, 50, 18),
(337, 25, 18),
(338, 61, 18),
(339, 34, 18),
(340, 27, 18),
(341, 33, 18),
(342, 32, 18),
(343, 31, 18),
(344, 27, 19),
(345, 34, 19),
(346, 38, 19),
(347, 69, 19),
(348, 7, 19),
(349, 10, 19),
(350, 73, 19),
(351, 56, 19),
(352, 32, 19),
(353, 40, 19),
(354, 42, 19),
(355, 74, 19),
(356, 62, 19),
(357, 31, 19),
(358, 68, 19),
(359, 14, 19),
(360, 47, 19),
(361, 48, 20),
(362, 5, 20),
(363, 18, 20),
(364, 48, 20),
(365, 35, 20),
(366, 36, 20),
(367, 60, 20),
(368, 19, 20),
(369, 59, 20),
(370, 21, 20),
(371, 43, 20),
(372, 40, 20),
(373, 1, 20),
(374, 24, 20),
(375, 31, 20),
(376, 63, 20),
(377, 66, 20),
(378, 20, 20),
(379, 36, 20),
(380, 32, 20),
(381, 32, 20),
(382, 31, 20),
(383, 6, 20),
(384, 1, 20),
(385, 64, 20),
(386, 70, 20),
(387, 25, 20),
(388, 29, 20),
(389, 36, 21),
(390, 74, 21),
(391, 37, 21),
(392, 78, 21),
(393, 9, 21),
(394, 72, 21),
(395, 48, 21),
(396, 6, 21),
(397, 32, 21),
(398, 46, 21),
(399, 12, 21),
(400, 76, 21),
(401, 19, 21),
(402, 3, 21),
(403, 14, 21),
(404, 12, 21),
(405, 39, 21),
(406, 55, 21),
(407, 18, 21),
(408, 23, 22),
(409, 2, 22),
(410, 57, 22),
(411, 40, 22),
(412, 75, 22),
(413, 63, 22),
(414, 63, 22),
(415, 20, 22),
(416, 54, 22),
(417, 53, 22),
(418, 30, 22),
(419, 19, 22),
(420, 71, 22),
(421, 20, 22),
(422, 35, 22),
(423, 61, 22),
(424, 20, 22),
(425, 55, 22),
(426, 43, 22),
(427, 64, 22),
(428, 19, 23),
(429, 67, 23),
(430, 56, 23),
(431, 33, 23),
(432, 47, 23),
(433, 41, 23),
(434, 72, 23),
(435, 24, 23),
(436, 72, 23),
(437, 57, 23),
(438, 20, 23),
(439, 32, 23),
(440, 56, 23),
(441, 72, 23),
(442, 49, 23),
(443, 39, 23),
(444, 56, 23),
(445, 34, 23),
(446, 52, 23),
(447, 58, 23),
(448, 65, 24),
(449, 22, 24),
(450, 1, 24),
(451, 38, 24),
(452, 23, 24),
(453, 19, 24),
(454, 32, 24),
(455, 25, 24),
(456, 75, 24),
(457, 76, 24),
(458, 5, 24),
(459, 6, 24),
(460, 57, 24),
(461, 24, 24),
(462, 49, 24),
(463, 18, 24),
(464, 1, 24),
(465, 37, 24),
(466, 70, 24),
(467, 46, 24),
(468, 58, 24),
(469, 67, 24),
(470, 23, 25),
(471, 28, 25),
(472, 58, 25),
(473, 78, 25),
(474, 9, 25),
(475, 6, 25),
(476, 69, 25),
(477, 8, 25),
(478, 55, 25),
(479, 75, 25),
(480, 61, 25),
(481, 57, 25),
(482, 78, 25),
(483, 75, 25),
(484, 16, 25),
(485, 4, 25),
(486, 30, 25),
(487, 54, 25),
(488, 41, 25),
(489, 75, 25),
(490, 51, 25),
(491, 39, 25),
(492, 1, 25),
(493, 70, 25),
(494, 54, 25),
(495, 38, 26),
(496, 60, 26),
(497, 53, 26),
(498, 55, 26),
(499, 60, 26),
(500, 13, 26),
(501, 27, 26),
(502, 62, 26),
(503, 78, 26),
(504, 18, 26),
(505, 43, 27),
(506, 20, 27),
(507, 75, 27),
(508, 58, 27),
(509, 6, 27),
(510, 58, 27),
(511, 67, 27),
(512, 29, 27),
(513, 8, 27),
(514, 75, 27),
(515, 11, 27),
(516, 68, 27),
(517, 32, 27),
(518, 73, 27),
(519, 45, 27),
(520, 18, 27),
(521, 56, 27),
(522, 48, 27),
(523, 70, 27),
(524, 40, 28),
(525, 55, 28),
(526, 8, 28),
(527, 2, 28),
(528, 2, 28),
(529, 64, 28),
(530, 39, 28),
(531, 40, 28),
(532, 4, 28),
(533, 1, 28),
(534, 49, 28),
(535, 75, 28),
(536, 72, 28),
(537, 10, 28),
(538, 41, 29),
(539, 29, 29),
(540, 18, 29),
(541, 14, 29),
(542, 64, 29),
(543, 61, 29),
(544, 14, 29),
(545, 77, 29),
(546, 62, 29),
(547, 2, 29),
(548, 54, 29),
(549, 27, 29),
(550, 35, 29),
(551, 43, 29),
(552, 32, 29),
(553, 20, 29),
(554, 9, 29),
(555, 76, 30),
(556, 15, 30),
(557, 36, 30),
(558, 55, 30),
(559, 7, 30),
(560, 65, 30),
(561, 4, 30),
(562, 51, 30),
(563, 8, 30),
(564, 20, 30),
(565, 29, 30),
(566, 33, 30),
(567, 48, 30),
(568, 62, 30),
(569, 37, 30),
(570, 59, 30),
(571, 26, 30),
(572, 62, 30),
(573, 42, 30),
(574, 7, 30),
(575, 4, 30),
(576, 62, 30),
(577, 5, 30),
(578, 48, 30),
(579, 74, 30),
(580, 77, 30),
(581, 38, 30),
(582, 3, 30),
(583, 29, 31),
(584, 69, 31),
(585, 41, 31),
(586, 26, 31),
(587, 11, 31),
(588, 32, 31),
(589, 34, 31),
(590, 56, 31),
(591, 75, 31),
(592, 47, 31),
(593, 47, 31),
(594, 1, 31),
(595, 14, 31),
(596, 42, 31),
(597, 22, 31),
(598, 8, 31),
(599, 38, 31),
(600, 67, 31),
(601, 30, 31),
(602, 32, 32),
(603, 61, 32),
(604, 45, 32),
(605, 60, 32),
(606, 24, 32),
(607, 33, 32),
(608, 5, 32),
(609, 12, 32),
(610, 37, 32),
(611, 39, 32),
(612, 8, 32),
(613, 62, 32),
(614, 7, 32),
(615, 54, 32),
(616, 23, 32),
(617, 2, 32),
(618, 78, 32),
(619, 5, 32),
(620, 63, 32),
(621, 40, 32),
(622, 32, 33),
(623, 71, 33),
(624, 44, 33),
(625, 33, 33),
(626, 26, 33),
(627, 33, 33),
(628, 22, 33),
(629, 36, 33),
(630, 40, 33),
(631, 35, 33),
(632, 32, 33),
(633, 55, 33),
(634, 61, 33),
(635, 18, 33),
(636, 7, 33),
(637, 2, 33),
(638, 37, 33),
(639, 4, 33),
(640, 58, 33),
(641, 33, 33),
(642, 5, 34),
(643, 31, 34),
(644, 76, 34),
(645, 24, 34),
(646, 21, 34),
(647, 6, 34),
(648, 28, 34),
(649, 20, 34),
(650, 44, 34),
(651, 6, 34),
(652, 8, 34),
(653, 5, 34),
(654, 49, 34),
(655, 51, 34),
(656, 53, 34),
(657, 44, 34),
(658, 11, 34),
(659, 31, 34),
(660, 37, 34),
(661, 23, 34),
(662, 13, 34),
(663, 30, 34),
(664, 41, 35),
(665, 6, 35),
(666, 62, 35),
(667, 60, 35),
(668, 9, 35),
(669, 49, 35),
(670, 46, 35),
(671, 16, 35),
(672, 6, 35),
(673, 17, 35),
(674, 31, 35),
(675, 35, 35),
(676, 47, 35),
(677, 41, 35),
(678, 76, 35),
(679, 57, 35),
(680, 16, 35),
(681, 73, 35),
(682, 28, 35),
(683, 64, 35),
(684, 73, 35),
(685, 8, 35),
(686, 30, 35),
(687, 5, 35),
(688, 78, 35),
(689, 21, 36),
(690, 67, 36),
(691, 42, 36),
(692, 5, 36),
(693, 77, 36),
(694, 33, 36),
(695, 74, 36),
(696, 9, 36),
(697, 66, 36),
(698, 6, 36),
(699, 37, 37),
(700, 25, 37),
(701, 27, 37),
(702, 28, 37),
(703, 60, 37),
(704, 76, 37),
(705, 4, 37),
(706, 41, 37),
(707, 13, 37),
(708, 50, 37),
(709, 35, 37),
(710, 76, 37),
(711, 54, 37),
(712, 39, 37),
(713, 57, 37),
(714, 33, 37),
(715, 12, 37),
(716, 38, 37),
(717, 74, 37),
(718, 19, 38),
(719, 3, 38),
(720, 41, 38),
(721, 27, 38),
(722, 55, 38),
(723, 26, 38),
(724, 48, 38),
(725, 71, 38),
(726, 47, 38),
(727, 51, 38),
(728, 3, 38),
(729, 24, 38),
(730, 5, 38),
(731, 34, 38),
(732, 17, 39),
(733, 34, 39),
(734, 27, 39),
(735, 65, 39),
(736, 11, 39),
(737, 56, 39),
(738, 22, 39),
(739, 8, 39),
(740, 9, 39),
(741, 9, 39),
(742, 19, 39),
(743, 13, 39),
(744, 17, 39),
(745, 51, 39),
(746, 41, 39),
(747, 4, 39),
(748, 74, 39),
(749, 64, 40),
(750, 62, 40),
(751, 13, 40),
(752, 55, 40),
(753, 73, 40),
(754, 41, 40),
(755, 46, 40),
(756, 50, 40),
(757, 51, 40),
(758, 25, 40),
(759, 58, 40),
(760, 45, 40),
(761, 71, 40),
(762, 55, 40),
(763, 26, 40),
(764, 35, 40),
(765, 68, 40),
(766, 4, 40),
(767, 71, 40),
(768, 18, 40),
(769, 55, 40),
(770, 63, 40),
(771, 53, 40),
(772, 38, 40),
(773, 14, 40),
(774, 70, 40),
(775, 77, 40),
(776, 41, 40);

-- --------------------------------------------------------

--
-- Table structure for table `reviews`
--

CREATE TABLE IF NOT EXISTS `reviews` (
  `id` bigint(20) NOT NULL,
  `beer_id` int(11) DEFAULT NULL,
  `user_id` int(11) DEFAULT NULL,
  `review` text,
  `review_date` date DEFAULT NULL
) ENGINE=InnoDB AUTO_INCREMENT=30 DEFAULT CHARSET=utf8;

--
-- Dumping data for table `reviews`
--

INSERT INTO `reviews` (`id`, `beer_id`, `user_id`, `review`, `review_date`) VALUES
(1, 1, 1, 'Tastes Good', NULL),
(2, 1, 1, NULL, NULL),
(3, 2, 3, NULL, NULL),
(4, 1, 4, 'Taste Great!!', '2015-09-03'),
(5, 6, 4, NULL, NULL),
(6, 21, 4, NULL, NULL),
(7, 27, 4, NULL, NULL),
(8, 3, 10, NULL, NULL),
(9, 38, 10, NULL, NULL),
(10, 6, 10, NULL, NULL),
(11, 42, 10, 'I got DRUNK!', '2015-09-03'),
(12, 76, 11, 'My new fav...', '2015-09-04'),
(13, 3, 11, 'Holy cow. Citrusy deliciousness. I got drunk on this.', '2015-09-03'),
(14, 5, 11, 'It was good... no, it was great!', '2015-09-03'),
(15, 35, 11, 'Never again...hung over for days. I blame the beer. All the beer.', '2015-09-03'),
(16, 42, 11, 'Got it in a growler. More is better!', '2015-09-03'),
(17, 66, 11, NULL, NULL),
(18, 73, 12, 'Subtle notes of pinecone', '2015-09-01'),
(19, 60, 12, 'Tastes like grandma', '2015-08-20'),
(20, 25, 12, 'Amazing aroma of steel beams', '2015-08-31'),
(21, 44, 12, 'Drinking this changed my life for the worse', '2015-08-04'),
(22, 46, 12, 'Tastes like milk steak', '2015-08-04'),
(23, 28, 12, NULL, NULL),
(24, 23, 12, NULL, NULL),
(25, 37, 12, 'Smells like freshly cut grass', '2015-07-07'),
(26, 33, 12, NULL, NULL),
(27, 16, 12, NULL, NULL),
(28, 6, 12, NULL, NULL),
(29, 39, 12, NULL, NULL);

-- --------------------------------------------------------

--
-- Table structure for table `stores`
--

CREATE TABLE IF NOT EXISTS `stores` (
  `id` int(20) unsigned NOT NULL,
  `store_name` varchar(255) DEFAULT NULL,
  `category` varchar(255) DEFAULT NULL,
  `region` varchar(255) DEFAULT NULL,
  `address` varchar(255) DEFAULT NULL
) ENGINE=InnoDB AUTO_INCREMENT=42 DEFAULT CHARSET=utf8;

--
-- Dumping data for table `stores`
--

INSERT INTO `stores` (`id`, `store_name`, `category`, `region`, `address`) VALUES
(2, 'Johns Marketplace', 'Bottle Shop', 'Southwest', '3535 SW Multnomah Blvd.'),
(3, 'The Beer Mongers', 'Bottle Shop', 'Southeast', '1125 SE Division St.'),
(4, 'Cheese Bar', 'Bottle Shop', 'Southeast', '6031 SE Belmont St.'),
(5, 'Imperial Bottle Shop and Taproom', 'Bottle Shop', 'Southeast', '3090 SE Divison St.'),
(6, 'N.W.I.P.A.', 'Bottle Shop', 'Southeast', '6350 SE Foster Rd.'),
(7, 'Beer Bunker', 'Bottle Shop', 'Southeast', '7918 SE Stark St.'),
(8, 'Saraveza', 'Bottle Shop', 'North', '1004 N Killingsworth St.'),
(9, 'Bottles', 'Bottle Shop', 'Northeast', '5015 NE Fremont St.'),
(10, '1856', 'Bottle Shop', 'Northeast', '1465 NE Prescott St.'),
(11, 'Tin Bucket', 'Growler Fill Station', 'North', '3520 N Williams Ave.'),
(12, 'The Hop and Vine', 'Bottle Shop', 'North', '1914 N Killingsworth St.'),
(13, 'Bridgetown Beerhouse', 'Bottle Shop', 'North', '915 N Shaver St.'),
(14, 'Pearl Specialty Market', 'Bottle Shop', 'Northwest', '900 NW Lovejoy St.'),
(15, '39th Mini Mart', 'Bottle Shop', 'Southeast', '935 SE Cesar E. Chavez Blvd.'),
(16, 'The Big Legrowlski', 'Growler Fill Station', 'Northwest', '812 NW Couch St.'),
(17, 'The Growler Guys', 'Growler Fill Station', 'Southeast', '816 SE 8th Ave.'),
(18, 'Growlers', 'Growler Fill Station', 'Southeast', '3343 SE Hawthorne Blvd.'),
(19, 'Chill N Fill', 'Growler Fill Station', 'North', '5215 N Lombard St.'),
(20, 'NW Growlers', 'Growler Fill Station', 'Southwest', '6141 SW Macadam Ave.'),
(21, 'Apex', 'Bar', 'Southeast', '1216 SE Division St.'),
(22, 'Baileys Taproom and the Upper Lip', 'Bar', 'Southwest', '213 SW Broadway'),
(23, 'Bazi Bierbrasserie', 'Bar', 'Southeast', '1522 SE 32nd Ave.'),
(24, 'Belmont Station', 'Bar', 'Southeast', '4500 SE Stark St.'),
(25, 'Hop and Vine', 'Bar', 'North', '1914 N Killingsworth St.'),
(26, 'Horse Brass Pub', 'Bar', 'Southeast', '4523 SE Belmont St.'),
(27, 'Roscoes', 'Bar', 'Southeast', '8105 SE Stark Ave.'),
(28, 'Saraveza', 'Bar', 'North', '1004 N Killingsworth St.'),
(29, 'Hair of the Dog Brewing Co', 'Bar', 'Southeast', '61 SE Yamhill St.'),
(30, 'Hopworks Urban Brewery', 'Bar', 'Southeast', '2944 SE Powell Blvd.'),
(31, 'Bar of the Gods', 'Bar', 'Southeast', '4801 SE Hawthorne Blvd.'),
(32, 'Journeys', 'Bar', 'Southwest', '7771 SW Capitol Hwy.'),
(33, 'Renner''s Grill', 'Bar', 'Southwest', '7810 SW Capitol Hwy.'),
(34, 'Lucky Labrador Public House', 'Bar', 'Southwest', '7675 SW Capitol Hwy.'),
(35, 'Buffalo Gap Saloon and Eatery', 'Bar', 'Southwest', '6835 SW Macadam Ave.'),
(36, 'The Raccoon Lodge & Brew Pub', 'Bar', 'Southwest', '7424 SW Beaverton Hillsdale Hwy.'),
(37, 'Old Market Pub and Brewery', 'Bar', 'Southwest', '6959 SW Multnomah Blvd.'),
(38, 'McMenamins Kennedy School', 'Bar', 'Northeast', '5736 NE 33rd Ave.'),
(39, 'The Mash Tun Brew Pub', 'Bar', 'Northeast', '2204 Albert St. #101'),
(40, 'Breakside Brewery', 'Bar', 'Northeast', '820 NE Dekum St.'),
(41, 'Bye and Bye', 'Bar', 'Northeast', '1011 NE Alberta St.');

-- --------------------------------------------------------

--
-- Table structure for table `users`
--

CREATE TABLE IF NOT EXISTS `users` (
  `id` bigint(20) unsigned NOT NULL,
  `user_name` varchar(255) DEFAULT NULL,
  `preferred_style` varchar(255) DEFAULT NULL,
  `region` varchar(255) DEFAULT NULL
) ENGINE=InnoDB AUTO_INCREMENT=19 DEFAULT CHARSET=utf8;

--
-- Dumping data for table `users`
--

INSERT INTO `users` (`id`, `user_name`, `preferred_style`, `region`) VALUES
(10, 'Admin', 'IPA', 'Southwest'),
(11, 'Brian', 'IPA', 'North'),
(12, 'Steve', 'Stout', 'Southwest');

--
-- Indexes for dumped tables
--

--
-- Indexes for table `beers`
--
ALTER TABLE `beers`
  ADD PRIMARY KEY (`id`),
  ADD UNIQUE KEY `id` (`id`);

--
-- Indexes for table `beers_stores`
--
ALTER TABLE `beers_stores`
  ADD PRIMARY KEY (`id`),
  ADD UNIQUE KEY `id` (`id`);

--
-- Indexes for table `reviews`
--
ALTER TABLE `reviews`
  ADD PRIMARY KEY (`id`),
  ADD UNIQUE KEY `id` (`id`);

--
-- Indexes for table `stores`
--
ALTER TABLE `stores`
  ADD PRIMARY KEY (`id`),
  ADD UNIQUE KEY `id` (`id`);

--
-- Indexes for table `users`
--
ALTER TABLE `users`
  ADD PRIMARY KEY (`id`),
  ADD UNIQUE KEY `id` (`id`);

--
-- AUTO_INCREMENT for dumped tables
--

--
-- AUTO_INCREMENT for table `beers`
--
ALTER TABLE `beers`
  MODIFY `id` bigint(20) unsigned NOT NULL AUTO_INCREMENT,AUTO_INCREMENT=79;
--
-- AUTO_INCREMENT for table `beers_stores`
--
ALTER TABLE `beers_stores`
  MODIFY `id` bigint(20) unsigned NOT NULL AUTO_INCREMENT,AUTO_INCREMENT=777;
--
-- AUTO_INCREMENT for table `reviews`
--
ALTER TABLE `reviews`
  MODIFY `id` bigint(20) NOT NULL AUTO_INCREMENT,AUTO_INCREMENT=30;
--
-- AUTO_INCREMENT for table `stores`
--
ALTER TABLE `stores`
  MODIFY `id` int(20) unsigned NOT NULL AUTO_INCREMENT,AUTO_INCREMENT=42;
--
-- AUTO_INCREMENT for table `users`
--
ALTER TABLE `users`
  MODIFY `id` bigint(20) unsigned NOT NULL AUTO_INCREMENT,AUTO_INCREMENT=19;
/*!40101 SET CHARACTER_SET_CLIENT=@OLD_CHARACTER_SET_CLIENT */;
/*!40101 SET CHARACTER_SET_RESULTS=@OLD_CHARACTER_SET_RESULTS */;
/*!40101 SET COLLATION_CONNECTION=@OLD_COLLATION_CONNECTION */;
